INQUISIT_bart___script.startdate,INQUISIT_bart___script.starttime,script.subjectid,INQUISIT_bart___script.elapsedtime,INQUISIT_bart___computer.platform,INQUISIT_bart___values.completed,INQUISIT_bart___values.ballooncount,INQUISIT_bart___values.ballooncount_10,INQUISIT_bart___values.ballooncount_20,INQUISIT_bart___values.ballooncount_30,INQUISIT_bart___values.totalpumpcount,INQUISIT_bart___values.totalpumpcount_10,INQUISIT_bart___values.totalpumpcount_20,INQUISIT_bart___values.totalpumpcount_30,INQUISIT_bart___values.averagepumpcount,INQUISIT_bart___values.averagepumpcount_10,INQUISIT_bart___values.averagepumpcount_20,INQUISIT_bart___values.averagepumpcount_30,INQUISIT_bart___values.total_explosions,INQUISIT_bart___values.total_explosions_10,INQUISIT_bart___values.total_explosions_20,INQUISIT_bart___values.total_explosions_30,INQUISIT_bart___values.nonexplodedballoons,INQUISIT_bart___values.nonexplodedballoons_10,INQUISIT_bart___values.nonexplodedballoons_20,INQUISIT_bart___values.nonexplodedballoons_30,INQUISIT_bart___values.adjustedtotalpumpcount,INQUISIT_bart___values.adjustedtotalpumpcount_10,INQUISIT_bart___values.adjustedtotalpumpcount_20,INQUISIT_bart___values.adjustedtotalpumpcount_30,INQUISIT_bart___values.adjustedaveragepumpcount,INQUISIT_bart___values.adjustedaveragepumpcount_10,INQUISIT_bart___values.adjustedaveragepumpcount_20,INQUISIT_bart___values.adjustedaveragepumpcount_30,INQUISIT_delay_current___script.groupid,INQUISIT_delay_current___script.startdate,INQUISIT_delay_current___script.starttime,INQUISIT_delay_current___script.elapsedtime,INQUISIT_delay_current___computer.platform,INQUISIT_delay_current___values.completed,INQUISIT_delay_current___expressions.nips,INQUISIT_delay_current___values.t3_ip_found,INQUISIT_delay_current___values.t3_ip,INQUISIT_delay_current___values.t4_ip_found,INQUISIT_delay_current___values.t4_ip,INQUISIT_delay_current___values.t5_ip_found,INQUISIT_delay_current___values.t5_ip,INQUISIT_delay_current___values.p4_ip_found,INQUISIT_delay_current___values.p4_ip,INQUISIT_delay_current___text.subjectquestion.currentitem,INQUISIT_delay_current___text.subjectanswer.currentitem,INQUISIT_delay_original___script.groupid,INQUISIT_delay_original___script.startdate,INQUISIT_delay_original___script.starttime,INQUISIT_delay_original___script.elapsedtime,INQUISIT_delay_original___computer.platform,INQUISIT_delay_original___values.completed,INQUISIT_delay_original___expressions.nips,INQUISIT_delay_original___values.t1_ip_found,INQUISIT_delay_original___values.t1_ip,INQUISIT_delay_original___values.t2_ip_found,INQUISIT_delay_original___values.t2_ip,INQUISIT_delay_original___values.t3_ip_found,INQUISIT_delay_original___values.t3_ip,INQUISIT_delay_original___values.t4_ip_found,INQUISIT_delay_original___values.t4_ip,INQUISIT_delay_original___values.t5_ip_found,INQUISIT_delay_original___values.t5_ip,INQUISIT_delay_original___values.p1_ip_found,INQUISIT_delay_original___values.p1_ip,INQUISIT_delay_original___values.p2_ip_found,INQUISIT_delay_original___values.p2_ip,INQUISIT_delay_original___values.p3_ip_found,INQUISIT_delay_original___values.p3_ip,INQUISIT_delay_original___values.p4_ip_found,INQUISIT_delay_original___values.p4_ip,INQUISIT_delay_original___values.p5_ip_found,INQUISIT_delay_original___values.p5_ip,INQUISIT_delay_original___text.subjectquestion.currentitem,INQUISIT_delay_original___text.subjectanswer.currentitem,INQUISIT_delay_v2___script.groupid,INQUISIT_delay_v2___script.startdate,INQUISIT_delay_v2___script.starttime,INQUISIT_delay_v2___script.elapsedtime,INQUISIT_delay_v2___computer.platform,INQUISIT_delay_v2___values.completed,INQUISIT_delay_v2___expressions.nips,INQUISIT_delay_v2___values.t1_ip_found,INQUISIT_delay_v2___values.t1_ip,INQUISIT_delay_v2___values.t2_ip_found,INQUISIT_delay_v2___values.t2_ip,INQUISIT_delay_v2___values.t3_ip_found,INQUISIT_delay_v2___values.t3_ip,INQUISIT_delay_v2___values.t4_ip_found,INQUISIT_delay_v2___values.t4_ip,INQUISIT_delay_v2___values.t5_ip_found,INQUISIT_delay_v2___values.t5_ip,INQUISIT_delay_v2___values.p1_ip_found,INQUISIT_delay_v2___values.p1_ip,INQUISIT_delay_v2___values.p2_ip_found,INQUISIT_delay_v2___values.p2_ip,INQUISIT_delay_v2___values.p3_ip_found,INQUISIT_delay_v2___values.p3_ip,INQUISIT_delay_v2___values.p4_ip_found,INQUISIT_delay_v2___values.p4_ip,INQUISIT_delay_v2___values.p5_ip_found,INQUISIT_delay_v2___values.p5_ip,INQUISIT_delay_v2___text.subjectquestion.currentitem,INQUISIT_delay_v2___text.subjectanswer.currentitem,INQUISIT_gonogo___script.startdate,INQUISIT_gonogo___script.starttime,INQUISIT_gonogo___script.elapsedtime,INQUISIT_gonogo___computer.platform,INQUISIT_gonogo___values.completed,INQUISIT_gonogo___expressions.errorrate,INQUISIT_gonogo___expressions.errorrate_gotarget,INQUISIT_gonogo___expressions.errorrate_Nogotarget,INQUISIT_gonogo___expressions.error_verticalcue,INQUISIT_gonogo___expressions.error_horizontalcue,INQUISIT_gonogo___expressions.omissionerror_v,INQUISIT_gonogo___expressions.inhibitionerror_v,INQUISIT_gonogo___expressions.omissionerror_h,INQUISIT_gonogo___expressions.inhibitionerror_h,INQUISIT_gonogo___expressions.meanrt,INQUISIT_gonogo___expressions.meanrt_verticalcue_gotarget,INQUISIT_gonogo___expressions.meanrt_horizontalcue_gotarget
,,70001,,,,,,,,,,,,,,,,,,,,,,,,,,,,,,,,,,,,,,,,,,,,,,,,,,,,,,,,,,,,,,,,,,,,,,,,,,,,,,,,,,,,,,,,,,,,,,,,,,,,,,,,,,,,,,,,,,,,,,,,,,,
90717.0,11:02:11,70002,373328,win,1.0,30.0,10.0,10.0,10.0,1137.0,381.0,320.0,436.0,37.9,38.1,32.0,43.6,8.0,3.0,3.0,2.0,22.0,7.0,7.0,8.0,870.0,260.0,220.0,390.0,39.54545455,37.14285714,31.42857143,48.75,1,90717.0,11:21:59,262392.0,win,1.0,3.0,1.0,1.0,1.0,0.5,1.0,0.5,0.0,0.0,Would you rather have  (a) $0 now or (b) $10 in 365 days?,B,,,,,,,,,,,,,,,,,,,,,,,,,,,,,,,,,,,,,,,,,,,,,,,,,,,,,,,,,,,90717.0,11:08:38,791194,win,1.0,0.0,0.0,0.0,0.0,0.0,0.0,0.0,0.0,0.0,285.712,285.21,287.72
41317.0,15:58:00,70003,0:00:00,win,1.0,30.0,10.0,10.0,10.0,1042.0,367.0,356.0,319.0,34.73333333,36.7,35.6,31.9,9.0,1.0,6.0,2.0,21.0,9.0,4.0,8.0,815.0,361.0,187.0,267.0,38.80952381,40.11111111,46.75,33.375,,,,,,,,,,,,,,,,,,1,41317.0,16:22:57,921221.0,win,1.0,10.0,1.0,9.5,1.0,9.5,1.0,8.5,1.0,7.5,1.0,5.0,1.0,9.5,1.0,9.0,1.0,6.5,1.0,6.5,1.0,5.5,Would you rather have  (a) $9.5 for sure or (b) $10 with a 100% chance?,B,,,,,,,,,,,,,,,,,,,,,,,,,,,,,,41317.0,16:09:10,0:00:00,win,1.0,0.008,0.0,0.016,0.008,0.008,0.0,0.04,0.0,0.01,300.712,301.02,299.48
41817.0,18:07:45,70004,0:00:00,win,1.0,30.0,10.0,10.0,10.0,664.0,84.0,261.0,319.0,22.13333333,8.4,26.1,31.9,6.0,0.0,2.0,4.0,24.0,10.0,8.0,6.0,582.0,84.0,248.0,250.0,24.25,8.4,31.0,41.66666667,,,,,,,,,,,,,,,,,,1,41817.0,18:29:36,819781.0,win,1.0,10.0,1.0,9.5,1.0,9.5,1.0,9.0,1.0,1.0,1.0,1.5,1.0,9.5,1.0,9.5,1.0,8.5,1.0,8.0,1.0,4.5,Would you rather have  (a) $5 for sure or (b) $10 with a 25% chance?,B,,,,,,,,,,,,,,,,,,,,,,,,,,,,,,41817.0,18:14:19,0:00:00,win,1.0,0.5,1.0,0.0,0.8,0.2,1.0,0.0,1.0,0.0,,,
90617.0,15:17:54,70005,270418,win,1.0,30.0,10.0,10.0,10.0,891.0,202.0,356.0,333.0,29.7,20.2,35.6,33.3,10.0,3.0,2.0,5.0,20.0,7.0,8.0,5.0,733.0,158.0,340.0,235.0,36.65,22.57142857,42.5,47.0,1,90617.0,15:37:00,322203.0,win,1.0,0.0,0.0,0.0,0.0,0.0,0.0,0.0,0.0,0.0,Would you rather have  (a) $8 for sure or (b) $10 with a 50% chance?,A,,,,,,,,,,,,,,,,,,,,,,,,,,,,,,,,,,,,,,,,,,,,,,,,,,,,,,,,,,,90617.0,15:23:37,770691,win,1.0,0.004,0.0,0.008,0.0,0.008,0.0,0.0,0.0,0.01,349.032,348.69,350.4
90517.0,11:28:49,70006,312372,win,1.0,30.0,10.0,10.0,10.0,781.0,342.0,206.0,233.0,26.03333333,34.2,20.6,23.3,7.0,2.0,5.0,0.0,23.0,8.0,5.0,10.0,650.0,264.0,153.0,233.0,28.26086957,33.0,30.6,23.3,1,90517.0,11:48:48,244395.0,win,1.0,1.0,0.0,0.0,0.0,0.0,0.0,0.0,1.0,0.5,Would you rather have  (a) $2 now or (b) $10 in 30 days?,A,,,,,,,,,,,,,,,,,,,,,,,,,,,,,,,,,,,,,,,,,,,,,,,,,,,,,,,,,,,90517.0,11:34:47,797486,win,1.0,0.948,0.968,0.9279999999999999,0.96,0.9359999999999999,0.97,0.92,0.96,0.93,300.25,325.6666667,224.0
42517.0,9:52:17,70007,0:00:00,win,1.0,30.0,10.0,10.0,10.0,1087.0,320.0,318.0,449.0,36.23333333,32.0,31.8,44.9,10.0,5.0,2.0,3.0,20.0,5.0,8.0,7.0,807.0,166.0,277.0,364.0,40.35,33.2,34.625,52.0,,,,,,,,,,,,,,,,,,0:00:00,42517.0,10:00:55,915643.0,win,1.0,10.0,1.0,9.5,1.0,9.5,1.0,6.5,1.0,5.5,1.0,6.0,1.0,10.0,1.0,8.0,1.0,5.5,1.0,4.5,1.0,3.5,Would you rather have  (a) $8 now or (b) $10 in 365 days?,A,,,,,,,,,,,,,,,,,,,,,,,,,,,,,,42517.0,10:16:50,816247,win,1.0,0.004,0.0,0.008,0.0,0.008,0.0,0.0,0.0,0.01,330.55199999999996,333.62,318.28
90617.0,16:53:11,70008,439669,win,1.0,30.0,10.0,10.0,10.0,599.0,173.0,192.0,234.0,19.96666667,17.3,19.2,23.4,6.0,1.0,3.0,2.0,24.0,9.0,7.0,8.0,551.0,167.0,163.0,221.0,22.95833333,18.55555556,23.28571429,27.625,1,90617.0,17:23:03,385612.0,win,1.0,2.0,1.0,6.0,0.0,0.0,1.0,1.0,0.0,0.0,Would you rather have  (a) $3.5 for sure or (b) $10 with a 50% chance?,A,,,,,,,,,,,,,,,,,,,,,,,,,,,,,,,,,,,,,,,,,,,,,,,,,,,,,,,,,,,90617.0,17:05:17,796058,win,1.0,0.004,0.008,0.0,0.008,0.0,0.01,0.0,0.0,0.0,331.07258060000004,328.6565657,340.64
42717.0,17:54:33,70009,0:00:00,win,1.0,30.0,10.0,10.0,10.0,1130.0,286.0,380.0,464.0,37.66666667,28.6,38.0,46.4,8.0,0.0,4.0,4.0,22.0,10.0,6.0,6.0,920.0,286.0,299.0,335.0,41.81818182,28.6,49.83333333,55.83333333,,,,,,,,,,,,,,,,,,0:00:00,42717.0,18:17:10,639698.0,win,1.0,10.0,1.0,9.5,1.0,10.0,1.0,9.5,1.0,9.0,1.0,9.0,1.0,9.5,1.0,6.5,1.0,6.5,1.0,4.0,1.0,1.5,Would you rather have  (a) $8.5 now or (b) $10 in 30 days?,B,,,,,,,,,,,,,,,,,,,,,,,,,,,,,,42717.0,18:02:03,0:00:00,win,1.0,0.5,1.0,0.0,0.8,0.2,1.0,0.0,1.0,0.0,,,
50317.0,11:42:36,70010,0:00:00,win,1.0,30.0,10.0,10.0,10.0,319.0,90.0,112.0,117.0,10.63333333,9.0,11.2,11.7,3.0,1.0,1.0,1.0,27.0,9.0,9.0,9.0,298.0,82.0,108.0,108.0,11.03703704,9.111111111,12.0,12.0,,,,,,,,,,,,,,,,,,1,50317.0,12:01:11,819662.0,win,1.0,10.0,1.0,9.5,1.0,9.5,1.0,5.0,1.0,1.5,1.0,3.5,1.0,9.5,1.0,7.5,1.0,4.0,1.0,4.0,1.0,3.0,Would you rather have  (a) $8 now or (b) $10 in 365 days?,A,,,,,,,,,,,,,,,,,,,,,,,,,,,,,,50317.0,11:47:29,0:00:00,win,1.0,0.0,0.0,0.0,0.0,0.0,0.0,0.0,0.0,0.0,376.176,376.6,374.48
50317.0,9:35:18,70011,0:00:00,win,1.0,30.0,10.0,10.0,10.0,854.0,177.0,325.0,352.0,28.46666667,17.7,32.5,35.2,5.0,1.0,3.0,1.0,25.0,9.0,7.0,9.0,721.0,175.0,223.0,323.0,28.84,19.44444444,31.85714286,35.88888889,,,,,,,,,,,,,,,,,,1,50317.0,10:00:20,622187.0,win,1.0,10.0,1.0,9.5,1.0,9.5,1.0,9.5,1.0,9.5,1.0,9.5,1.0,9.5,1.0,9.0,1.0,6.5,1.0,4.5,1.0,2.5,Would you rather have  (a) $8 now or (b) $10 in 180 days?,B,,,,,,,,,,,,,,,,,,,,,,,,,,,,,,50317.0,9:44:48,0:00:00,win,1.0,0.092,0.17600000000000002,0.008,0.128,0.055999999999999994,0.16,0.0,0.24,0.01,384.6601942,385.86904760000004,379.3157895
51117.0,17:31:33,70012,0:00:00,win,1.0,30.0,10.0,10.0,10.0,800.0,265.0,269.0,266.0,26.66666667,26.5,26.9,26.6,16.0,4.0,4.0,8.0,14.0,6.0,6.0,2.0,488.0,193.0,205.0,90.0,34.85714286,32.16666667,34.16666667,45.0,,,,,,,,,,,,,,,,,,0:00:00,51117.0,17:54:19,911046.0,win,1.0,10.0,1.0,0.5,1.0,9.5,1.0,6.5,1.0,1.0,1.0,2.0,1.0,9.5,1.0,9.5,1.0,9.5,1.0,5.5,1.0,4.0,Would you rather have  (a) $4 for sure or (b) $10 with a 90% chance?,B,,,,,,,,,,,,,,,,,,,,,,,,,,,,,,51117.0,17:39:35,0:00:00,win,1.0,0.016,0.008,0.024,0.024,0.008,0.01,0.08,0.0,0.01,371.43548389999995,369.6666667,378.44
42717.0,15:44:45,70013,0:00:00,win,1.0,30.0,10.0,10.0,10.0,730.0,97.0,217.0,416.0,24.33333333,9.7,21.7,41.6,10.0,2.0,2.0,6.0,20.0,8.0,8.0,4.0,473.0,79.0,194.0,200.0,23.65,9.875,24.25,50.0,,,,,,,,,,,,,,,,,,0:00:00,42717.0,16:12:40,690589.0,win,1.0,10.0,1.0,10.0,1.0,9.5,1.0,8.5,1.0,7.0,1.0,1.5,1.0,9.5,1.0,8.5,1.0,8.0,1.0,5.5,1.0,4.5,Would you rather have  (a) $4.5 for sure or (b) $10 with a 75% chance?,B,,,,,,,,,,,,,,,,,,,,,,,,,,,,,,42717.0,15:58:39,0:00:00,win,1.0,0.008,0.008,0.008,0.0,0.016,0.0,0.0,0.04,0.01,334.0483871,329.74,352.0
60817.0,14:59:52,70014,428777,win,1.0,30.0,10.0,10.0,10.0,1219.0,354.0,359.0,506.0,40.63333333,35.4,35.9,50.6,11.0,2.0,5.0,4.0,19.0,8.0,5.0,6.0,880.0,336.0,215.0,329.0,46.31578947,42.0,43.0,54.83333333,,,,,,,,,,,,,,,,,,1,60817.0,15:34:32,893026.0,win,1.0,10.0,1.0,9.5,1.0,9.5,1.0,6.0,1.0,6.0,1.0,8.0,1.0,10.0,1.0,6.5,1.0,6.0,1.0,5.0,1.0,4.0,Would you rather have  (a) $6.5 now or (b) $10 in 30 days?,A,,,,,,,,,,,,,,,,,,,,,,,,,,,,,,60817.0,15:21:13,0:00:00,win,1.0,0.0,0.0,0.0,0.0,0.0,0.0,0.0,0.0,0.0,312.35200000000003,309.91,322.12
60117.0,16:10:39,70015,707361,win,1.0,30.0,10.0,10.0,10.0,882.0,281.0,297.0,304.0,29.4,28.1,29.7,30.4,4.0,1.0,2.0,1.0,26.0,9.0,8.0,9.0,806.0,275.0,235.0,296.0,31.0,30.55555556,29.375,32.88888889,,,,,,,,,,,,,,,,,,0:00:00,60117.0,16:36:46,1211134.0,win,1.0,9.0,1.0,9.5,1.0,9.5,1.0,9.5,1.0,9.5,1.0,7.0,1.0,9.5,1.0,9.5,1.0,9.0,1.0,5.5,0.0,0.0,Would you rather have  (a) $9 now or (b) $10 in 30 days?,B,,,,,,,,,,,,,,,,,,,,,,,,,,,,,,60117.0,16:23:06,784471,win,1.0,0.0,0.0,0.0,0.0,0.0,0.0,0.0,0.0,0.0,308.552,312.03,294.64
60617.0,13:39:55,70017,457875,win,1.0,30.0,10.0,10.0,10.0,1457.0,315.0,720.0,422.0,48.56666667,31.5,72.0,42.2,23.0,6.0,9.0,8.0,7.0,4.0,1.0,2.0,301.0,193.0,87.0,21.0,43.0,48.25,87.0,10.5,,,,,,,,,,,,,,,,,,1,60617.0,14:01:21,927171.0,win,1.0,10.0,1.0,10.0,1.0,9.0,1.0,6.5,1.0,1.5,1.0,1.0,1.0,9.5,1.0,9.5,1.0,3.0,1.0,1.0,1.0,1.0,Would you rather have  (a) $7.5 for sure or (b) $10 with a 25% chance?,A,,,,,,,,,,,,,,,,,,,,,,,,,,,,,,60617.0,13:48:04,0:00:00,win,1.0,0.004,0.0,0.008,0.0,0.008,0.0,0.0,0.0,0.01,306.584,308.01,300.88
60217.0,14:39:04,70018,419519,win,1.0,30.0,10.0,10.0,10.0,464.0,129.0,163.0,172.0,15.46666667,12.9,16.3,17.2,5.0,1.0,2.0,2.0,25.0,9.0,8.0,8.0,397.0,117.0,139.0,141.0,15.88,13.0,17.375,17.625,,,,,,,,,,,,,,,,,,0:00:00,60217.0,14:59:59,817715.0,win,1.0,10.0,1.0,9.5,1.0,9.5,1.0,9.0,1.0,9.0,1.0,8.0,1.0,9.5,1.0,9.0,1.0,8.0,1.0,5.0,1.0,3.0,Would you rather have  (a) $10 now or (b) $10 in 180 days?,A,,,,,,,,,,,,,,,,,,,,,,,,,,,,,,60217.0,14:46:27,788036,win,1.0,0.008,0.016,0.0,0.016,0.0,0.02,0.0,0.0,0.0,362.6910569,358.89795919999995,377.56
61417.0,16:03:32,70019,748103,win,1.0,30.0,10.0,10.0,10.0,728.0,188.0,235.0,305.0,24.26666667,18.8,23.5,30.5,10.0,6.0,1.0,3.0,20.0,4.0,9.0,7.0,556.0,90.0,223.0,243.0,27.8,22.5,24.77777778,34.71428571,,,,,,,,,,,,,,,,,,1,61417.0,16:30:28,1420741.0,win,1.0,10.0,1.0,0.5,1.0,9.5,1.0,3.5,1.0,1.5,1.0,1.5,1.0,9.5,1.0,8.5,1.0,6.5,1.0,2.5,1.0,2.5,Would you rather have  (a) $0 for sure or (b) $10 with a 25% chance?,B,,,,,,,,,,,,,,,,,,,,,,,,,,,,,,61417.0,16:16:35,784228,win,1.0,0.0,0.0,0.0,0.0,0.0,0.0,0.0,0.0,0.0,318.048,315.02,330.16
60117.0,16:58:40,70021,1423162,win,1.0,30.0,10.0,10.0,10.0,1012.0,209.0,339.0,464.0,33.73333333,20.9,33.9,46.4,7.0,2.0,1.0,4.0,23.0,8.0,9.0,6.0,820.0,165.0,315.0,340.0,35.65217391,20.625,35.0,56.66666667,,,,,,,,,,,,,,,,,,0:00:00,60117.0,17:38:15,719019.0,win,1.0,10.0,1.0,9.5,1.0,9.5,1.0,3.5,1.0,0.5,1.0,1.0,1.0,9.5,1.0,7.5,1.0,4.0,1.0,4.0,1.0,2.0,Would you rather have  (a) $8.5 now or (b) $10 in 2 days?,B,,,,,,,,,,,,,,,,,,,,,,,,,,,,,,60117.0,17:23:12,872435,win,1.0,0.5,1.0,0.0,0.8,0.2,1.0,0.0,1.0,0.0,,,
60517.0,9:27:26,70022,318548,win,1.0,30.0,10.0,10.0,10.0,895.0,95.0,269.0,531.0,29.83333333,9.5,26.9,53.1,4.0,2.0,0.0,2.0,26.0,8.0,10.0,8.0,786.0,76.0,269.0,441.0,30.23076923,9.5,26.9,55.125,,,,,,,,,,,,,,,,,,1,60517.0,9:47:48,682442.0,win,1.0,10.0,1.0,0.5,1.0,9.5,1.0,10.0,1.0,4.5,1.0,1.0,1.0,9.5,1.0,8.5,1.0,9.0,1.0,5.5,1.0,3.0,Would you rather have  (a) $6 for sure or (b) $10 with a 90% chance?,B,,,,,,,,,,,,,,,,,,,,,,,,,,,,,,60517.0,9:33:39,0:00:00,win,1.0,0.0,0.0,0.0,0.0,0.0,0.0,0.0,0.0,0.0,364.96,362.93,373.08
60617.0,18:10:37,70023,477723,win,1.0,30.0,10.0,10.0,10.0,1217.0,297.0,368.0,552.0,40.56666667,29.7,36.8,55.2,12.0,3.0,8.0,1.0,18.0,7.0,2.0,9.0,876.0,256.0,91.0,529.0,48.66666667,36.57142857,45.5,58.77777778,,,,,,,,,,,,,,,,,,1,60617.0,18:33:12,888186.0,win,1.0,10.0,1.0,9.5,1.0,7.0,1.0,6.5,1.0,4.5,1.0,5.5,1.0,9.5,1.0,8.5,1.0,7.0,1.0,6.5,1.0,3.5,Would you rather have  (a) $7.5 now or (b) $10 in 2 days?,A,,,,,,,,,,,,,,,,,,,,,,,,,,,,,,60617.0,18:19:32,0:00:00,win,1.0,0.008,0.008,0.008,0.008,0.008,0.01,0.0,0.0,0.01,369.2741935,367.30303030000005,377.08
60517.0,13:32:49,70024,322521,win,1.0,30.0,10.0,10.0,10.0,472.0,129.0,169.0,174.0,15.73333333,12.9,16.9,17.4,5.0,2.0,1.0,2.0,25.0,8.0,9.0,8.0,421.0,103.0,154.0,164.0,16.84,12.875,17.11111111,20.5,,,,,,,,,,,,,,,,,,1,60517.0,13:52:08,782675.0,win,1.0,10.0,1.0,9.5,1.0,9.5,1.0,9.5,1.0,7.5,1.0,7.5,1.0,9.5,1.0,8.5,1.0,7.0,1.0,4.5,1.0,2.0,Would you rather have  (a) $8.5 for sure or (b) $10 with a 75% chance?,A,,,,,,,,,,,,,,,,,,,,,,,,,,,,,,60517.0,13:38:37,0:00:00,win,1.0,0.004,0.0,0.008,0.0,0.008,0.0,0.0,0.0,0.01,304.10400000000004,302.17,311.84
60717.0,17:51:51,70025,395953,win,1.0,30.0,10.0,10.0,10.0,852.0,250.0,266.0,336.0,28.4,25.0,26.6,33.6,7.0,3.0,2.0,2.0,23.0,7.0,8.0,8.0,710.0,173.0,241.0,296.0,30.86956522,24.71428571,30.125,37.0,,,,,,,,,,,,,,,,,,1,60717.0,18:12:22,986278.0,win,1.0,10.0,1.0,9.0,1.0,7.0,1.0,5.0,1.0,3.5,1.0,2.5,1.0,9.5,1.0,5.0,1.0,5.5,1.0,3.5,1.0,2.5,Would you rather have  (a) $4 now or (b) $10 in 30 days?,B,,,,,,,,,,,,,,,,,,,,,,,,,,,,,,60717.0,17:59:03,789969,win,1.0,0.004,0.0,0.008,0.008,0.0,0.0,0.04,0.0,0.0,285.192,283.23,293.04
61417.0,18:35:22,70028,803957,win,1.0,30.0,10.0,10.0,10.0,1478.0,559.0,506.0,413.0,49.26666667,55.9,50.6,41.3,23.0,5.0,9.0,9.0,7.0,5.0,1.0,1.0,492.0,329.0,92.0,71.0,70.28571429,65.8,92.0,71.0,,,,,,,,,,,,,,,,,,1,61417.0,19:02:52,894426.0,win,1.0,10.0,1.0,9.5,1.0,9.5,1.0,9.0,1.0,2.5,1.0,3.5,1.0,9.5,1.0,9.5,1.0,8.0,1.0,4.5,1.0,2.0,Would you rather have  (a) $10 now or (b) $10 in 2 days?,A,,,,,,,,,,,,,,,,,,,,,,,,,,,,,,61417.0,18:49:20,802414,win,1.0,0.004,0.0,0.008,0.0,0.008,0.0,0.0,0.0,0.01,333.36,334.1,330.4
60217.0,10:45:06,70029,655606,win,1.0,30.0,10.0,10.0,10.0,1669.0,448.0,606.0,615.0,55.63333333,44.8,60.6,61.5,13.0,2.0,4.0,7.0,17.0,8.0,6.0,3.0,1160.0,430.0,450.0,280.0,68.23529412,53.75,75.0,93.33333333,,,,,,,,,,,,,,,,,,0:00:00,60217.0,11:10:08,470019.0,win,1.0,10.0,1.0,9.5,1.0,9.0,1.0,0.5,1.0,0.5,1.0,0.5,1.0,9.5,1.0,0.5,1.0,0.5,1.0,0.5,1.0,0.5,Would you rather have  (a) $3.5 for sure or (b) $10 with a 50% chance?,A,,,,,,,,,,,,,,,,,,,,,,,,,,,,,,60217.0,10:56:34,800822,win,1.0,0.0,0.0,0.0,0.0,0.0,0.0,0.0,0.0,0.0,386.464,386.64,385.76
60717.0,11:47:44,70030,210192,win,1.0,30.0,10.0,10.0,10.0,243.0,68.0,82.0,93.0,8.1,6.8,8.2,9.3,1.0,1.0,0.0,0.0,29.0,9.0,10.0,10.0,235.0,60.0,82.0,93.0,8.103448276,6.666666667,8.2,9.3,,,,,,,,,,,,,,,,,,1,60717.0,12:05:49,954284.0,win,1.0,10.0,1.0,0.5,1.0,0.5,1.0,0.5,1.0,0.5,1.0,0.5,1.0,7.0,1.0,0.5,1.0,0.5,1.0,0.5,1.0,0.5,Would you rather have  (a) $6.5 for sure or (b) $10 with a 100% chance?,B,,,,,,,,,,,,,,,,,,,,,,,,,,,,,,60717.0,11:52:20,771223,win,1.0,0.0,0.0,0.0,0.0,0.0,0.0,0.0,0.0,0.0,372.592,369.9,383.36
60817.0,17:25:56,70031,270127,win,1.0,30.0,10.0,10.0,10.0,144.0,45.0,56.0,43.0,4.8,4.5,5.6,4.3,0.0,0.0,0.0,0.0,30.0,10.0,10.0,10.0,144.0,45.0,56.0,43.0,4.8,4.5,5.6,4.3,,,,,,,,,,,,,,,,,,1,60817.0,17:46:02,916937.0,win,1.0,9.0,1.0,0.5,1.0,9.5,1.0,9.5,1.0,1.0,1.0,0.5,1.0,9.5,1.0,8.5,1.0,7.0,0.0,0.0,1.0,1.0,Would you rather have  (a) $4.5 now or (b) $10 in 365 days?,A,,,,,,,,,,,,,,,,,,,,,,,,,,,,,,60817.0,17:31:32,805913,win,1.0,0.008,0.0,0.016,0.0,0.016,0.0,0.0,0.0,0.02,360.19199999999995,361.72,354.08
60617.0,19:31:28,70032,483929,win,1.0,30.0,10.0,10.0,10.0,1111.0,339.0,431.0,341.0,37.03333333,33.9,43.1,34.1,14.0,3.0,4.0,7.0,16.0,7.0,6.0,3.0,610.0,235.0,280.0,95.0,38.125,33.57142857,46.66666667,31.66666667,,,,,,,,,,,,,,,,,,1,60617.0,19:53:34,845223.0,win,1.0,9.0,1.0,0.0,0.0,0.0,1.0,1.0,1.0,0.5,1.0,0.5,1.0,9.5,1.0,8.5,1.0,6.0,1.0,1.0,1.0,1.0,Would you rather have  (a) $3.5 for sure or (b) $10 with a 75% chance?,B,,,,,,,,,,,,,,,,,,,,,,,,,,,,,,60617.0,19:40:11,775572,win,1.0,0.016,0.024,0.008,0.024,0.008,0.03,0.0,0.0,0.01,396.557377,393.3608247,408.96
62017.0,18:32:18,70033,583157,win,1.0,30.0,10.0,10.0,10.0,1090.0,277.0,388.0,425.0,36.33333333,27.7,38.8,42.5,5.0,1.0,2.0,2.0,25.0,9.0,8.0,8.0,983.0,274.0,343.0,366.0,39.32,30.44444444,42.875,45.75,,,,,,,,,,,,,,,,,,,,,,,,,,,,,,,,,,,,,,,,,,,,,,,1.0,62017.0,18:56:12,608649.0,win,1.0,6.0,1.0,9.5,1.0,10.0,1.0,9.5,0.0,0.0,0.0,0.0,1.0,9.5,1.0,9.0,0.0,0.0,0.0,0.0,1.0,1.0,Would you rather have  (a) $5 for sure or (b) $10 with a 25% chance?,A,62017.0,18:42:38,790016,win,1.0,0.0,0.0,0.0,0.0,0.0,0.0,0.0,0.0,0.0,331.064,330.93,331.6
60917.0,13:00:50,70034,439809,win,1.0,30.0,10.0,10.0,10.0,852.0,197.0,314.0,341.0,28.4,19.7,31.4,34.1,10.0,4.0,2.0,4.0,20.0,6.0,8.0,6.0,670.0,130.0,288.0,252.0,33.5,21.66666667,36.0,42.0,,,,,,,,,,,,,,,,,,1,60917.0,13:26:09,1019099.0,win,1.0,10.0,1.0,9.5,1.0,9.5,1.0,8.5,1.0,6.5,1.0,6.0,1.0,9.5,1.0,9.0,1.0,6.5,1.0,4.5,1.0,2.0,Would you rather have  (a) $6.5 now or (b) $10 in 2 days?,B,,,,,,,,,,,,,,,,,,,,,,,,,,,,,,60917.0,13:12:26,794960,win,1.0,0.0,0.0,0.0,0.0,0.0,0.0,0.0,0.0,0.0,332.57599999999996,329.8,343.68
60617.0,15:43:20,70035,581537,win,1.0,30.0,10.0,10.0,10.0,506.0,149.0,218.0,139.0,16.86666667,14.9,21.8,13.9,7.0,2.0,2.0,3.0,23.0,8.0,8.0,7.0,430.0,135.0,175.0,120.0,18.69565217,16.875,21.875,17.14285714,,,,,,,,,,,,,,,,,,1,60617.0,16:07:20,590342.0,win,1.0,10.0,1.0,9.5,1.0,9.5,1.0,1.0,1.0,0.5,1.0,0.5,1.0,9.5,1.0,8.5,1.0,7.0,1.0,4.5,1.0,2.0,Would you rather have  (a) $0.5 now or (b) $10 in 30 days?,B,,,,,,,,,,,,,,,,,,,,,,,,,,,,,,60617.0,15:54:00,792186,win,1.0,0.0,0.0,0.0,0.0,0.0,0.0,0.0,0.0,0.0,340.08,340.39,338.84
61317.0,15:24:17,70036,436353,win,1.0,30.0,10.0,10.0,10.0,583.0,134.0,192.0,257.0,19.43333333,13.4,19.2,25.7,7.0,4.0,2.0,1.0,23.0,6.0,8.0,9.0,514.0,99.0,170.0,245.0,22.34782609,16.5,21.25,27.22222222,,,,,,,,,,,,,,,,,,1,61317.0,15:52:59,534371.0,win,1.0,10.0,1.0,0.5,1.0,9.5,1.0,7.5,1.0,0.5,1.0,0.5,1.0,9.5,1.0,6.5,1.0,1.0,1.0,0.5,1.0,0.5,Would you rather have  (a) $9.5 now or (b) $10 in 2 days?,B,,,,,,,,,,,,,,,,,,,,,,,,,,,,,,61317.0,15:32:01,780216,win,1.0,0.0,0.0,0.0,0.0,0.0,0.0,0.0,0.0,0.0,308.368,307.12,313.36
61517.0,9:33:30,70037,405721,win,1.0,30.0,10.0,10.0,10.0,837.0,238.0,270.0,329.0,27.9,23.8,27.0,32.9,9.0,5.0,2.0,2.0,21.0,5.0,8.0,8.0,675.0,135.0,250.0,290.0,32.14285714,27.0,31.25,36.25,,,,,,,,,,,,,,,,,,1,61517.0,9:54:47,1096464.0,win,1.0,10.0,1.0,9.5,1.0,9.5,1.0,6.0,1.0,4.5,1.0,3.0,1.0,9.5,1.0,8.0,1.0,7.5,1.0,7.0,1.0,7.0,Would you rather have  (a) $8.5 now or (b) $10 in 2 days?,A,,,,,,,,,,,,,,,,,,,,,,,,,,,,,,61517.0,9:40:41,836893,win,1.0,0.008,0.0,0.016,0.016,0.0,0.0,0.08,0.0,0.0,304.672,303.51,309.32
61317.0,17:06:58,70038,411161,win,1.0,30.0,10.0,10.0,10.0,319.0,47.0,108.0,164.0,10.63333333,4.7,10.8,16.4,4.0,1.0,2.0,1.0,26.0,9.0,8.0,9.0,291.0,44.0,91.0,156.0,11.19230769,4.8888888889999995,11.375,17.33333333,,,,,,,,,,,,,,,,,,1,61317.0,17:27:58,1025554.0,win,1.0,9.0,1.0,9.5,1.0,8.0,1.0,5.5,1.0,3.5,1.0,0.5,1.0,9.5,1.0,7.5,1.0,7.0,0.0,0.0,1.0,2.0,Would you rather have  (a) $5 for sure or (b) $10 with a 100% chance?,B,,,,,,,,,,,,,,,,,,,,,,,,,,,,,,61317.0,17:14:32,780262,win,1.0,0.004,0.0,0.008,0.0,0.008,0.0,0.0,0.0,0.01,340.264,337.58,351.0
61217.0,13:38:35,70039,466203,win,1.0,30.0,10.0,10.0,10.0,447.0,124.0,191.0,132.0,14.9,12.4,19.1,13.2,8.0,1.0,4.0,3.0,22.0,9.0,6.0,7.0,356.0,123.0,126.0,107.0,16.18181818,13.66666667,21.0,15.28571429,,,,,,,,,,,,,,,,,,1,61217.0,13:59:51,866929.0,win,1.0,10.0,1.0,9.5,1.0,9.5,1.0,5.5,1.0,2.5,1.0,0.5,1.0,9.5,1.0,9.0,1.0,7.5,1.0,5.0,1.0,1.0,Would you rather have  (a) $8 for sure or (b) $10 with a 75% chance?,A,,,,,,,,,,,,,,,,,,,,,,,,,,,,,,61217.0,13:46:42,781029,win,1.0,0.032,0.008,0.055999999999999994,0.04,0.024,0.01,0.16,0.0,0.03,298.7741935,295.7979798,310.56
61517.0,17:37:49,70040,141791,win,1.0,30.0,10.0,10.0,10.0,117.0,34.0,42.0,41.0,3.9,3.4,4.2,4.1,0.0,0.0,0.0,0.0,30.0,10.0,10.0,10.0,117.0,34.0,42.0,41.0,3.9,3.4,4.2,4.1,1,61517.0,17:54:55,286306.0,win,1.0,4.0,1.0,2.0,1.0,0.5,1.0,0.5,1.0,5.5,Would you rather have  (a) $9.5 now or (b) $10 in 30 days?,A,,,,,,,,,,,,,,,,,,,,,,,,,,,,,,,,,,,,,,,,,,,,,,,,,,,,,,,,,,,61517.0,17:40:47,801595,win,1.0,0.0,0.0,0.0,0.0,0.0,0.0,0.0,0.0,0.0,406.44800000000004,405.51,410.2
61417.0,11:43:10,70041,497072,win,1.0,30.0,10.0,10.0,10.0,732.0,150.0,255.0,327.0,24.4,15.0,25.5,32.7,6.0,1.0,2.0,3.0,24.0,9.0,8.0,7.0,650.0,141.0,244.0,265.0,27.08333333,15.66666667,30.5,37.85714286,,,,,,,,,,,,,,,,,,1,61417.0,12:09:43,676563.0,win,1.0,10.0,1.0,9.5,1.0,9.5,1.0,9.5,1.0,8.5,1.0,5.5,1.0,9.5,1.0,8.0,1.0,7.0,1.0,2.5,1.0,1.0,Would you rather have  (a) $6 for sure or (b) $10 with a 75% chance?,B,,,,,,,,,,,,,,,,,,,,,,,,,,,,,,61417.0,11:51:41,1073828,win,1.0,0.004,0.008,0.0,0.008,0.0,0.01,0.0,0.0,0.0,323.9596774,321.7373737,332.76
62017.0,16:57:08,70042,272694,win,1.0,30.0,10.0,10.0,10.0,200.0,73.0,58.0,69.0,6.666666667,7.3,5.8,6.9,3.0,1.0,1.0,1.0,27.0,9.0,9.0,9.0,184.0,65.0,52.0,67.0,6.814814815,7.222222222,5.777777778,7.444444444,,,,,,,,,,,,,,,,,,,,,,,,,,,,,,,,,,,,,,,,,,,,,,,1.0,62017.0,17:16:10,455061.0,win,1.0,8.0,1.0,9.0,1.0,8.0,1.0,0.5,1.0,0.5,1.0,0.5,0.0,0.0,0.0,0.0,1.0,0.5,1.0,0.5,1.0,0.5,Would you rather have  (a) $1.5 now or (b) $10 in 30 days?,A,62017.0,17:01:53,846500,win,1.0,0.004,0.0,0.008,0.0,0.008,0.0,0.0,0.0,0.01,376.384,369.5,403.92
60717.0,16:38:52,70044,342587,win,1.0,30.0,10.0,10.0,10.0,207.0,24.0,54.0,129.0,6.9,2.4,5.4,12.9,2.0,1.0,0.0,1.0,28.0,9.0,10.0,9.0,192.0,23.0,54.0,115.0,6.857142857,2.555555556,5.4,12.77777778,,,,,,,,,,,,,,,,,,1,60717.0,17:00:41,1358954.0,win,1.0,10.0,1.0,10.0,1.0,9.5,1.0,9.5,1.0,0.5,1.0,0.5,1.0,9.5,1.0,9.0,1.0,4.5,1.0,1.5,1.0,0.5,Would you rather have  (a) $2.5 for sure or (b) $10 with a 90% chance?,B,,,,,,,,,,,,,,,,,,,,,,,,,,,,,,60717.0,16:45:37,866536,win,1.0,0.012,0.016,0.008,0.0,0.024,0.0,0.0,0.08,0.01,370.8373984,366.68,388.9130435
70717.0,10:02:09,70048,168257,win,1.0,30.0,10.0,10.0,10.0,206.0,50.0,118.0,38.0,6.8666666670000005,5.0,11.8,3.8,3.0,1.0,1.0,1.0,27.0,9.0,9.0,9.0,198.0,46.0,117.0,35.0,7.333333333,5.1111111110000005,13.0,3.888888889,0:00:00,70717.0,10:20:15,404065.0,win,1.0,2.0,0.0,0.0,0.0,0.0,1.0,3.5,1.0,6.0,Would you rather have  (a) $6 for sure or (b) $10 with a 50% chance?,A,,,,,,,,,,,,,,,,,,,,,,,,,,,,,,,,,,,,,,,,,,,,,,,,,,,,,,,,,,,70717.0,10:06:18,788120,win,1.0,0.0,0.0,0.0,0.0,0.0,0.0,0.0,0.0,0.0,342.184,332.07,382.64
61517.0,12:49:44,70049,455696,win,1.0,30.0,10.0,10.0,10.0,911.0,278.0,314.0,319.0,30.36666667,27.8,31.4,31.9,10.0,2.0,4.0,4.0,20.0,8.0,6.0,6.0,690.0,256.0,192.0,242.0,34.5,32.0,32.0,40.33333333,,,,,,,,,,,,,,,,,,1,61517.0,13:11:48,1042890.0,win,1.0,10.0,1.0,9.5,1.0,8.5,1.0,1.5,1.0,0.5,1.0,1.0,1.0,9.5,1.0,3.5,1.0,2.5,1.0,1.5,1.0,0.5,Would you rather have  (a) $2.5 now or (b) $10 in 0 days?,A,,,,,,,,,,,,,,,,,,,,,,,,,,,,,,61517.0,12:57:32,804733,win,1.0,0.0,0.0,0.0,0.0,0.0,0.0,0.0,0.0,0.0,433.776,437.42,419.2
62717.0,10:48:29,70050,528556,win,1.0,30.0,10.0,10.0,10.0,938.0,255.0,306.0,377.0,31.26666667,25.5,30.6,37.7,7.0,1.0,4.0,2.0,23.0,9.0,6.0,8.0,775.0,223.0,212.0,340.0,33.69565217,24.77777778,35.33333333,42.5,,,,,,,,,,,,,,,,,,,,,,,,,,,,,,,,,,,,,,,,,,,,,,,1.0,62717.0,11:11:59,718828.0,win,1.0,3.0,1.0,9.5,1.0,9.5,0.0,0.0,0.0,0.0,0.0,0.0,1.0,9.5,0.0,0.0,0.0,0.0,0.0,0.0,0.0,0.0,Would you rather have  (a) $3.5 for sure or (b) $10 with a 25% chance?,A,62717.0,10:57:33,845808,win,1.0,0.012,0.024,0.0,0.024,0.0,0.03,0.0,0.0,0.0,444.5409836,440.1546392,461.56
61417.0,13:12:49,70051,224635,win,1.0,30.0,10.0,10.0,10.0,170.0,48.0,54.0,68.0,5.666666667,4.8,5.4,6.8,1.0,0.0,1.0,0.0,29.0,10.0,9.0,10.0,166.0,48.0,50.0,68.0,5.7241379310000005,4.8,5.555555556,6.8,,,,,,,,,,,,,,,,,,1,61417.0,13:36:11,1847559.0,win,1.0,10.0,1.0,9.5,1.0,9.0,1.0,5.0,1.0,6.0,1.0,1.0,1.0,8.5,1.0,7.0,1.0,7.0,1.0,5.0,1.0,2.0,Would you rather have  (a) $3.5 now or (b) $10 in 180 days?,B,,,,,,,,,,,,,,,,,,,,,,,,,,,,,,61417.0,13:17:23,1115669,win,1.0,0.008,0.008,0.008,0.008,0.008,0.01,0.0,0.0,0.01,363.36290319999995,363.6666667,362.16
62217.0,9:21:11,70052,293568,win,1.0,30.0,10.0,10.0,10.0,329.0,109.0,125.0,95.0,10.96666667,10.9,12.5,9.5,3.0,1.0,0.0,2.0,27.0,9.0,10.0,8.0,300.0,95.0,125.0,80.0,11.11111111,10.55555556,12.5,10.0,,,,,,,,,,,,,,,,,,,,,,,,,,,,,,,,,,,,,,,,,,,,,,,1.0,62217.0,9:44:01,513265.0,win,1.0,2.0,0.0,0.0,0.0,0.0,1.0,5.5,0.0,0.0,0.0,0.0,1.0,10.0,0.0,0.0,0.0,0.0,0.0,0.0,0.0,0.0,Would you rather have  (a) $9 now or (b) $10 in 0 days?,B,62217.0,9:27:20,933009,win,1.0,0.004,0.008,0.0,0.008,0.0,0.01,0.0,0.0,0.0,343.21774189999996,338.0808081,363.56
61517.0,16:02:12,70053,297770,win,1.0,30.0,10.0,10.0,10.0,337.0,120.0,108.0,109.0,11.23333333,12.0,10.8,10.9,2.0,1.0,0.0,1.0,28.0,9.0,10.0,9.0,324.0,108.0,108.0,108.0,11.57142857,12.0,10.8,12.0,,,,,,,,,,,,,,,,,,1,61517.0,16:20:58,944809.0,win,1.0,10.0,1.0,9.5,1.0,9.0,1.0,9.0,1.0,5.5,1.0,3.5,1.0,9.5,1.0,8.5,1.0,7.0,1.0,6.0,1.0,2.5,Would you rather have  (a) $9 now or (b) $10 in 30 days?,A,,,,,,,,,,,,,,,,,,,,,,,,,,,,,,61517.0,16:07:24,805714,win,1.0,0.004,0.0,0.008,0.008,0.0,0.0,0.04,0.0,0.0,311.184,311.1,311.52
72417.0,17:51:15,70054,0:00:00,win,1.0,30.0,10.0,10.0,10.0,171.0,57.0,59.0,55.0,5.7,5.7,5.9,5.5,2.0,1.0,0.0,1.0,28.0,9.0,10.0,9.0,162.0,50.0,59.0,53.0,5.785714286,5.555555556,5.9,5.8888888889999995,1,72417.0,18:09:02,317580.0,win,1.0,2.0,0.0,0.0,1.0,0.5,1.0,0.5,0.0,0.0,Would you rather have  (a) $4 now or (b) $10 in 365 days?,A,,,,,,,,,,,,,,,,,,,,,,,,,,,,,,,,,,,,,,,,,,,,,,,,,,,,,,,,,,,72417.0,17:55:02,0:00:00,win,1.0,0.0,0.0,0.0,0.0,0.0,0.0,0.0,0.0,0.0,294.344,296.19,286.96
61917.0,13:59:30,70055,298574,win,1.0,30.0,10.0,10.0,10.0,518.0,96.0,175.0,247.0,17.26666667,9.6,17.5,24.7,4.0,1.0,0.0,3.0,26.0,9.0,10.0,7.0,431.0,87.0,175.0,169.0,16.57692308,9.666666667000001,17.5,24.14285714,,,,,,,,,,,,,,,,,,,,,,,,,,,,,,,,,,,,,,,,,,,,,,,1.0,61917.0,14:19:51,965144.0,win,1.0,4.0,0.0,0.0,1.0,9.0,1.0,7.0,0.0,0.0,0.0,0.0,1.0,10.0,1.0,9.0,0.0,0.0,0.0,0.0,0.0,0.0,Would you rather have  (a) $0 for sure or (b) $10 with a 75% chance?,B,61917.0,14:05:47,823799,win,1.0,0.004,0.008,0.0,0.008,0.0,0.01,0.0,0.0,0.0,391.1048387,390.94949489999993,391.72
62917.0,16:58:52,70056,789861,win,1.0,30.0,10.0,10.0,10.0,1066.0,365.0,271.0,430.0,35.53333333,36.5,27.1,43.0,8.0,2.0,4.0,2.0,22.0,8.0,6.0,8.0,800.0,258.0,164.0,378.0,36.36363636,32.25,27.33333333,47.25,1,62917.0,17:27:11,469632.0,win,1.0,3.0,1.0,10.0,1.0,7.0,1.0,6.5,0.0,0.0,Would you rather have  (a) $9.5 now or (b) $10 in 180 days?,A,,,,,,,,,,,,,,,,,,,,,,,,,,,,,,,,,,,,,,,,,,,,,,,,,,,,,,,,,,,62917.0,17:13:08,825230,win,1.0,0.008,0.0,0.016,0.0,0.016,0.0,0.0,0.0,0.02,346.912,346.17,349.88
71017.0,14:49:52,70057,481374,win,1.0,30.0,10.0,10.0,10.0,949.0,228.0,326.0,395.0,31.63333333,22.8,32.6,39.5,7.0,3.0,2.0,2.0,23.0,7.0,8.0,8.0,842.0,196.0,276.0,370.0,36.60869565,28.0,34.5,46.25,0:00:00,71017.0,15:12:06,284026.0,win,1.0,1.0,0.0,0.0,1.0,0.5,0.0,0.0,0.0,0.0,Would you rather have  (a) $1 now or (b) $10 in 30 days?,B,,,,,,,,,,,,,,,,,,,,,,,,,,,,,,,,,,,,,,,,,,,,,,,,,,,,,,,,,,,71017.0,14:58:32,801099,win,1.0,0.012,0.008,0.016,0.008,0.016,0.01,0.0,0.0,0.02,404.1935484,400.7070707,418.0
61917.0,12:59:20,70058,428529,win,1.0,30.0,10.0,10.0,10.0,184.0,42.0,72.0,70.0,6.1333333329999995,4.2,7.2,7.0,3.0,0.0,0.0,3.0,27.0,10.0,10.0,7.0,162.0,42.0,72.0,48.0,6.0,4.2,7.2,6.857142857,,,,,,,,,,,,,,,,,,,,,,,,,,,,,,,,,,,,,,,,,,,,,,,1.0,61917.0,13:23:58,673375.0,win,1.0,5.0,0.0,0.0,1.0,9.0,0.0,0.0,1.0,0.5,1.0,0.0,0.0,0.0,0.0,0.0,1.0,10.0,0.0,0.0,1.0,1.5,Would you rather have  (a) $7 now or (b) $10 in 30 days?,A,61917.0,13:09:50,835555,win,1.0,0.0,0.0,0.0,0.0,0.0,0.0,0.0,0.0,0.0,345.13599999999997,340.91,362.04
62217.0,17:31:09,70059,174053,win,1.0,30.0,10.0,10.0,10.0,174.0,58.0,63.0,53.0,5.8,5.8,6.3,5.3,3.0,1.0,2.0,0.0,27.0,9.0,8.0,10.0,159.0,52.0,54.0,53.0,5.8888888889999995,5.777777778,6.75,5.3,1,62217.0,17:48:18,326457.0,win,1.0,1.0,0.0,0.0,0.0,0.0,1.0,1.5,0.0,0.0,Would you rather have  (a) $6.5 for sure or (b) $10 with a 50% chance?,A,,,,,,,,,,,,,,,,,,,,,,,,,,,,,,,,,,,,,,,,,,,,,,,,,,,,,,,,,,,62217.0,17:34:17,812094,win,1.0,0.0,0.0,0.0,0.0,0.0,0.0,0.0,0.0,0.0,426.8,422.52,443.92
62017.0,11:09:04,70060,860376,win,1.0,30.0,10.0,10.0,10.0,1314.0,311.0,463.0,540.0,43.8,31.1,46.3,54.0,13.0,1.0,6.0,6.0,17.0,9.0,4.0,4.0,763.0,297.0,226.0,240.0,44.88235294,33.0,56.5,60.0,,,,,,,,,,,,,,,,,,,,,,,,,,,,,,,,,,,,,,,,,,,,,,,1.0,62017.0,11:37:18,794614.0,win,1.0,3.0,0.0,0.0,0.0,0.0,0.0,0.0,1.0,0.5,1.0,0.5,0.0,0.0,0.0,0.0,0.0,0.0,1.0,4.5,0.0,0.0,Would you rather have  (a) $4 for sure or (b) $10 with a 50% chance?,B,62017.0,11:23:45,802994,win,1.0,0.008,0.0,0.016,0.0,0.016,0.0,0.0,0.0,0.02,303.296,305.45,294.68
70617.0,18:14:41,70061,433622,win,1.0,30.0,10.0,10.0,10.0,1285.0,363.0,454.0,468.0,42.83333333,36.3,45.4,46.8,13.0,2.0,7.0,4.0,17.0,8.0,3.0,6.0,831.0,295.0,185.0,351.0,48.88235294,36.875,61.66666667,58.5,0:00:00,70617.0,18:36:28,389229.0,win,1.0,0.0,0.0,0.0,0.0,0.0,0.0,0.0,0.0,0.0,Would you rather have  (a) $1 for sure or (b) $10 with a 50% chance?,B,,,,,,,,,,,,,,,,,,,,,,,,,,,,,,,,,,,,,,,,,,,,,,,,,,,,,,,,,,,70617.0,18:22:24,811825,win,1.0,0.02,0.024,0.016,0.024,0.016,0.01,0.08,0.08,0.0,331.5737705,324.8282828,360.6086957
80317.0,10:02:54,70062,183371,win,1.0,30.0,10.0,10.0,10.0,128.0,46.0,38.0,44.0,4.266666667,4.6,3.8,4.4,3.0,1.0,1.0,1.0,27.0,9.0,9.0,9.0,121.0,43.0,35.0,43.0,4.481481481,4.777777778,3.888888889,4.777777778,0:00:00,80317.0,10:20:10,759760.0,win,1.0,1.0,0.0,0.0,1.0,3.0,0.0,0.0,0.0,0.0,Would you rather have  (a) $4 for sure or (b) $10 with a 50% chance?,A,,,,,,,,,,,,,,,,,,,,,,,,,,,,,,,,,,,,,,,,,,,,,,,,,,,,,,,,,,,80317.0,10:06:38,780076,win,1.0,0.0,0.0,0.0,0.0,0.0,0.0,0.0,0.0,0.0,336.45599999999996,335.34,340.92
62817.0,16:04:09,70063,144578,win,1.0,30.0,10.0,10.0,10.0,269.0,87.0,101.0,81.0,8.966666667,8.7,10.1,8.1,2.0,0.0,0.0,2.0,28.0,10.0,10.0,8.0,258.0,87.0,101.0,70.0,9.214285713999999,8.7,10.1,8.75,,,,,,,,,,,,,,,,,,,,,,,,,,,,,,,,,,,,,,,,,,,,,,,1.0,62817.0,16:20:36,460832.0,win,1.0,6.0,0.0,0.0,1.0,9.5,0.0,0.0,1.0,6.0,1.0,2.0,1.0,9.5,1.0,9.5,1.0,10.0,0.0,0.0,0.0,0.0,Would you rather have  (a) $7.5 for sure or (b) $10 with a 50% chance?,B,62817.0,16:07:15,773844,win,1.0,0.036000000000000004,0.008,0.064,0.016,0.055999999999999994,0.01,0.04,0.0,0.07,303.9435484,307.9090909,288.24
62717.0,15:44:11,70064,355832,win,1.0,30.0,10.0,10.0,10.0,867.0,207.0,365.0,295.0,28.9,20.7,36.5,29.5,13.0,3.0,4.0,6.0,17.0,7.0,6.0,4.0,560.0,156.0,240.0,164.0,32.94117647,22.28571429,40.0,41.0,,,,,,,,,,,,,,,,,,,,,,,,,,,,,,,,,,,,,,,,,,,,,,,1.0,62717.0,16:05:03,673075.0,win,1.0,3.0,1.0,9.5,1.0,9.0,0.0,0.0,0.0,0.0,0.0,0.0,1.0,9.5,0.0,0.0,0.0,0.0,0.0,0.0,0.0,0.0,Would you rather have  (a) $3 now or (b) $10 in 30 days?,B,62717.0,15:51:29,772900,win,1.0,0.0,0.0,0.0,0.0,0.0,0.0,0.0,0.0,0.0,301.8,300.88,305.48
62717.0,13:27:17,70065,623465,win,1.0,30.0,10.0,10.0,10.0,944.0,172.0,293.0,479.0,31.46666667,17.2,29.3,47.9,5.0,1.0,2.0,2.0,25.0,9.0,8.0,8.0,800.0,153.0,269.0,378.0,32.0,17.0,33.625,47.25,,,,,,,,,,,,,,,,,,,,,,,,,,,,,,,,,,,,,,,,,,,,,,,1.0,62717.0,13:58:43,735764.0,win,1.0,3.0,0.0,0.0,1.0,9.5,0.0,0.0,0.0,0.0,1.0,3.0,1.0,9.5,0.0,0.0,0.0,0.0,0.0,0.0,0.0,0.0,Would you rather have  (a) $7.5 for sure or (b) $10 with a 90% chance?,B,62717.0,13:38:07,801197,win,1.0,0.004,0.0,0.008,0.0,0.008,0.0,0.0,0.0,0.01,385.728,378.92,412.96
63017.0,9:59:47,70066,420345,win,1.0,30.0,10.0,10.0,10.0,1304.0,231.0,607.0,466.0,43.46666667,23.1,60.7,46.6,13.0,2.0,3.0,8.0,17.0,8.0,7.0,2.0,813.0,189.0,469.0,155.0,47.82352941,23.625,67.0,77.5,0:00:00,63017.0,10:26:52,347602.0,win,1.0,1.0,0.0,0.0,0.0,0.0,0.0,0.0,1.0,8.0,Would you rather have  (a) $5 now or (b) $10 in 365 days?,A,,,,,,,,,,,,,,,,,,,,,,,,,,,,,,,,,,,,,,,,,,,,,,,,,,,,,,,,,,,63017.0,10:08:25,1036013,win,1.0,0.027999999999999997,0.016,0.04,0.04,0.016,0.02,0.12,0.0,0.02,302.796748,296.1326531,328.92
62817.0,10:56:53,70067,407158,win,1.0,30.0,10.0,10.0,10.0,392.0,105.0,207.0,80.0,13.06666667,10.5,20.7,8.0,2.0,0.0,0.0,2.0,28.0,10.0,10.0,8.0,376.0,105.0,207.0,64.0,13.42857143,10.5,20.7,8.0,,,,,,,,,,,,,,,,,,,,,,,,,,,,,,,,,,,,,,,,,,,,,,,1.0,62817.0,11:24:37,1254973.0,win,1.0,5.0,0.0,0.0,1.0,9.5,1.0,9.0,0.0,0.0,1.0,3.0,1.0,9.5,0.0,0.0,0.0,0.0,1.0,6.0,0.0,0.0,Would you rather have  (a) $9 for sure or (b) $10 with a 90% chance?,A,62817.0,11:08:41,947407,win,1.0,0.0,0.0,0.0,0.0,0.0,0.0,0.0,0.0,0.0,362.04,358.79,375.04
62117.0,11:16:46,70068,891826,win,1.0,30.0,10.0,10.0,10.0,1018.0,294.0,382.0,342.0,33.93333333,29.4,38.2,34.2,6.0,1.0,2.0,3.0,24.0,9.0,8.0,7.0,925.0,284.0,340.0,301.0,38.54166667,31.55555556,42.5,43.0,,,,,,,,,,,,,,,,,,,,,,,,,,,,,,,,,,,,,,,,,,,,,,,1.0,62117.0,11:46:35,867386.0,win,1.0,1.0,0.0,0.0,0.0,0.0,0.0,0.0,0.0,0.0,0.0,0.0,1.0,9.5,0.0,0.0,0.0,0.0,0.0,0.0,0.0,0.0,Would you rather have  (a) $9.5 for sure or (b) $10 with a 100% chance?,B,62117.0,11:32:34,778596,win,1.0,0.0,0.0,0.0,0.0,0.0,0.0,0.0,0.0,0.0,299.872,300.74,296.4
70517.0,17:10:43,70070,443045,win,1.0,30.0,10.0,10.0,10.0,378.0,97.0,134.0,147.0,12.6,9.7,13.4,14.7,1.0,0.0,0.0,1.0,29.0,10.0,10.0,9.0,369.0,97.0,134.0,138.0,12.72413793,9.7,13.4,15.33333333,0:00:00,70517.0,17:34:01,381770.0,win,1.0,0.0,0.0,0.0,0.0,0.0,0.0,0.0,0.0,0.0,Would you rather have  (a) $2.5 now or (b) $10 in 365 days?,B,,,,,,,,,,,,,,,,,,,,,,,,,,,,,,,,,,,,,,,,,,,,,,,,,,,,,,,,,,,70517.0,17:18:43,899556,win,1.0,0.004,0.0,0.008,0.0,0.008,0.0,0.0,0.0,0.01,402.904,397.09,426.16
63017.0,11:02:08,70071,271127,win,1.0,30.0,10.0,10.0,10.0,491.0,104.0,169.0,218.0,16.36666667,10.4,16.9,21.8,4.0,2.0,1.0,1.0,26.0,8.0,9.0,9.0,444.0,83.0,155.0,206.0,17.07692308,10.375,17.22222222,22.88888889,0:00:00,63017.0,11:20:43,452396.0,win,1.0,1.0,0.0,0.0,1.0,4.0,0.0,0.0,0.0,0.0,Would you rather have  (a) $2.5 now or (b) $10 in 365 days?,B,,,,,,,,,,,,,,,,,,,,,,,,,,,,,,,,,,,,,,,,,,,,,,,,,,,,,,,,,,,63017.0,11:07:09,777658,win,1.0,0.0,0.0,0.0,0.0,0.0,0.0,0.0,0.0,0.0,307.08799999999997,308.15,302.84
71117.0,14:36:49,70072,743607,win,1.0,30.0,10.0,10.0,10.0,663.0,129.0,255.0,279.0,22.1,12.9,25.5,27.9,5.0,2.0,2.0,1.0,25.0,8.0,8.0,9.0,592.0,110.0,225.0,257.0,23.68,13.75,28.125,28.55555556,0:00:00,71117.0,15:03:33,451838.0,win,1.0,0.0,0.0,0.0,0.0,0.0,0.0,0.0,0.0,0.0,Would you rather have  (a) $1.5 for sure or (b) $10 with a 50% chance?,B,,,,,,,,,,,,,,,,,,,,,,,,,,,,,,,,,,,,,,,,,,,,,,,,,,,,,,,,,,,71117.0,14:49:40,820687,win,1.0,0.0,0.0,0.0,0.0,0.0,0.0,0.0,0.0,0.0,355.84,352.53,369.08
72517.0,15:25:49,70074,0:00:00,win,1.0,30.0,10.0,10.0,10.0,722.0,206.0,243.0,273.0,24.06666667,20.6,24.3,27.3,7.0,1.0,3.0,3.0,23.0,9.0,7.0,7.0,618.0,193.0,198.0,227.0,26.86956522,21.44444444,28.28571429,32.42857143,1,72517.0,15:46:03,354305.0,win,1.0,1.0,0.0,0.0,1.0,1.5,0.0,0.0,0.0,0.0,Would you rather have  (a) $8 now or (b) $10 in 30 days?,A,,,,,,,,,,,,,,,,,,,,,,,,,,,,,,,,,,,,,,,,,,,,,,,,,,,,,,,,,,,72517.0,15:32:48,0:00:00,win,1.0,0.004,0.0,0.008,0.008,0.0,0.0,0.04,0.0,0.0,295.98400000000004,294.77,300.84
71417.0,12:00:10,70075,0:00:00,win,1.0,30.0,10.0,10.0,10.0,104.0,34.0,39.0,31.0,3.4666666669999997,3.4,3.9,3.1,2.0,0.0,0.0,2.0,28.0,10.0,10.0,8.0,102.0,34.0,39.0,29.0,3.642857143,3.4,3.9,3.625,1,71417.0,12:18:15,558299.0,win,1.0,2.0,1.0,9.5,1.0,9.5,0.0,0.0,0.0,0.0,Would you rather have  (a) $3.5 for sure or (b) $10 with a 50% chance?,B,,,,,,,,,,,,,,,,,,,,,,,,,,,,,,,,,,,,,,,,,,,,,,,,,,,,,,,,,,,71417.0,12:04:03,0:00:00,win,1.0,0.036000000000000004,0.064,0.008,0.064,0.008,0.07,0.04,0.04,0.0,450.23931619999996,451.9569892,443.58333330000005
72517.0,9:33:11,70076,0:00:00,win,1.0,30.0,10.0,10.0,10.0,669.0,196.0,195.0,278.0,22.3,19.6,19.5,27.8,9.0,2.0,4.0,3.0,21.0,8.0,6.0,7.0,517.0,165.0,151.0,201.0,24.61904762,20.625,25.16666667,28.71428571,1,72517.0,9:53:51,327220.0,win,1.0,1.0,1.0,5.0,0.0,0.0,0.0,0.0,0.0,0.0,Would you rather have  (a) $5 now or (b) $10 in 30 days?,A,,,,,,,,,,,,,,,,,,,,,,,,,,,,,,,,,,,,,,,,,,,,,,,,,,,,,,,,,,,72517.0,9:39:17,0:00:00,win,1.0,0.004,0.0,0.008,0.0,0.008,0.0,0.0,0.0,0.01,295.416,295.78,293.96
72017.0,15:32:07,70077,364442,win,1.0,30.0,10.0,10.0,10.0,563.0,175.0,244.0,144.0,18.76666667,17.5,24.4,14.4,11.0,4.0,2.0,5.0,19.0,6.0,8.0,5.0,380.0,105.0,195.0,80.0,20.0,17.5,24.375,16.0,0:00:00,72017.0,15:52:25,308739.0,win,1.0,3.0,1.0,3.0,1.0,0.5,1.0,0.5,0.0,0.0,Would you rather have  (a) $9 for sure or (b) $10 with a 50% chance?,A,,,,,,,,,,,,,,,,,,,,,,,,,,,,,,,,,,,,,,,,,,,,,,,,,,,,,,,,,,,72017.0,15:39:15,775482,win,1.0,0.004,0.0,0.008,0.0,0.008,0.0,0.0,0.0,0.01,301.68,301.66,301.76
71917.0,17:51:00,70078,411206,win,1.0,30.0,10.0,10.0,10.0,560.0,119.0,203.0,238.0,18.66666667,11.9,20.3,23.8,1.0,1.0,0.0,0.0,29.0,9.0,10.0,10.0,537.0,96.0,203.0,238.0,18.51724138,10.66666667,20.3,23.8,0:00:00,71917.0,18:13:17,302004.0,win,1.0,0.0,0.0,0.0,0.0,0.0,0.0,0.0,0.0,0.0,Would you rather have  (a) $3 for sure or (b) $10 with a 50% chance?,A,,,,,,,,,,,,,,,,,,,,,,,,,,,,,,,,,,,,,,,,,,,,,,,,,,,,,,,,,,,71917.0,17:58:36,816736,win,1.0,0.0,0.0,0.0,0.0,0.0,0.0,0.0,0.0,0.0,389.336,383.42,413.0
71317.0,13:42:02,70079,122015,win,1.0,30.0,10.0,10.0,10.0,91.0,29.0,30.0,32.0,3.0333333330000003,2.9,3.0,3.2,2.0,1.0,1.0,0.0,28.0,9.0,9.0,10.0,86.0,25.0,29.0,32.0,3.071428571,2.777777778,3.222222222,3.2,0:00:00,71317.0,14:00:01,338816.0,win,1.0,1.0,0.0,0.0,1.0,2.5,0.0,0.0,0.0,0.0,Would you rather have  (a) $6 now or (b) $10 in 180 days?,A,,,,,,,,,,,,,,,,,,,,,,,,,,,,,,,,,,,,,,,,,,,,,,,,,,,,,,,,,,,71317.0,13:45:59,770823,win,1.0,0.0,0.0,0.0,0.0,0.0,0.0,0.0,0.0,0.0,327.176,329.94,316.12
71917.0,9:44:15,70080,239668,win,1.0,30.0,10.0,10.0,10.0,576.0,75.0,221.0,280.0,19.2,7.5,22.1,28.0,4.0,1.0,1.0,2.0,26.0,9.0,9.0,8.0,500.0,68.0,192.0,240.0,19.23076923,7.555555556,21.33333333,30.0,0:00:00,71917.0,10:01:36,488890.0,win,1.0,2.0,0.0,0.0,1.0,0.0,1.0,0.5,0.0,0.0,Would you rather have  (a) $7.5 for sure or (b) $10 with a 50% chance?,A,,,,,,,,,,,,,,,,,,,,,,,,,,,,,,,,,,,,,,,,,,,,,,,,,,,,,,,,,,,71917.0,9:48:28,778524,win,1.0,0.012,0.008,0.016,0.008,0.016,0.01,0.0,0.0,0.02,329.7741935,333.7373737,314.08
71917.0,12:00:53,70081,450946,win,1.0,30.0,10.0,10.0,10.0,722.0,206.0,219.0,297.0,24.06666667,20.6,21.9,29.7,6.0,1.0,2.0,3.0,24.0,9.0,8.0,7.0,602.0,174.0,183.0,245.0,25.08333333,19.33333333,22.875,35.0,0:00:00,71917.0,12:23:20,461284.0,win,1.0,1.0,0.0,0.0,0.0,0.0,0.0,0.0,1.0,8.5,Would you rather have  (a) $9 now or (b) $10 in 30 days?,A,,,,,,,,,,,,,,,,,,,,,,,,,,,,,,,,,,,,,,,,,,,,,,,,,,,,,,,,,,,71917.0,12:09:41,780820,win,1.0,0.004,0.0,0.008,0.0,0.008,0.0,0.0,0.0,0.01,403.064,400.8,412.12
71317.0,14:07:13,70082,663131,win,1.0,30.0,10.0,10.0,10.0,362.0,86.0,147.0,129.0,12.06666667,8.6,14.7,12.9,3.0,0.0,2.0,1.0,27.0,10.0,8.0,9.0,320.0,86.0,119.0,115.0,11.85185185,8.6,14.875,12.77777778,0:00:00,71317.0,14:35:47,479994.0,win,1.0,1.0,1.0,9.5,0.0,0.0,0.0,0.0,0.0,0.0,Would you rather have  (a) $9 for sure or (b) $10 with a 50% chance?,B,,,,,,,,,,,,,,,,,,,,,,,,,,,,,,,,,,,,,,,,,,,,,,,,,,,,,,,,,,,71317.0,14:18:30,1025960,win,1.0,0.008,0.0,0.016,0.0,0.016,0.0,0.0,0.0,0.02,307.816,307.3,309.88
72617.0,17:51:02,70083,0:00:00,win,1.0,30.0,10.0,10.0,10.0,430.0,42.0,139.0,249.0,14.33333333,4.2,13.9,24.9,5.0,0.0,0.0,5.0,25.0,10.0,10.0,5.0,311.0,42.0,139.0,130.0,12.44,4.2,13.9,26.0,1,72617.0,18:08:29,427320.0,win,1.0,0.0,0.0,0.0,0.0,0.0,0.0,0.0,0.0,0.0,Would you rather have  (a) $4 now or (b) $10 in 180 days?,B,,,,,,,,,,,,,,,,,,,,,,,,,,,,,,,,,,,,,,,,,,,,,,,,,,,,,,,,,,,72617.0,17:55:03,0:00:00,win,1.0,0.0,0.0,0.0,0.0,0.0,0.0,0.0,0.0,0.0,351.664,354.94,338.56
72017.0,9:55:51,70084,182190,win,1.0,30.0,10.0,10.0,10.0,230.0,74.0,80.0,76.0,7.666666667,7.4,8.0,7.6,2.0,0.0,1.0,1.0,28.0,10.0,9.0,9.0,219.0,74.0,74.0,71.0,7.821428571,7.4,8.222222222000001,7.8888888889999995,0:00:00,72017.0,10:23:18,285406.0,win,1.0,2.0,1.0,8.0,0.0,0.0,0.0,0.0,1.0,9.5,Would you rather have  (a) $2 now or (b) $10 in 365 days?,B,,,,,,,,,,,,,,,,,,,,,,,,,,,,,,,,,,,,,,,,,,,,,,,,,,,,,,,,,,,72017.0,10:00:40,1336573,win,1.0,0.07200000000000001,0.016,0.128,0.055999999999999994,0.08800000000000001,0.01,0.24,0.04,0.1,336.21138210000004,340.7070707,317.6666667
71917.0,19:07:18,70085,416099,win,1.0,30.0,10.0,10.0,10.0,568.0,113.0,251.0,204.0,18.93333333,11.3,25.1,20.4,8.0,1.0,3.0,4.0,22.0,9.0,7.0,6.0,420.0,108.0,217.0,95.0,19.09090909,12.0,31.0,15.83333333,0:00:00,71917.0,19:30:17,486881.0,win,1.0,1.0,0.0,0.0,1.0,0.5,0.0,0.0,0.0,0.0,Would you rather have  (a) $6.5 now or (b) $10 in 30 days?,B,,,,,,,,,,,,,,,,,,,,,,,,,,,,,,,,,,,,,,,,,,,,,,,,,,,,,,,,,,,71917.0,19:16:08,775525,win,1.0,0.0,0.0,0.0,0.0,0.0,0.0,0.0,0.0,0.0,304.88,304.5,306.4
80317.0,9:31:29,70086,548488,win,1.0,30.0,10.0,10.0,10.0,998.0,283.0,369.0,346.0,33.26666667,28.3,36.9,34.6,7.0,1.0,3.0,3.0,23.0,9.0,7.0,7.0,824.0,261.0,318.0,245.0,35.82608696,29.0,45.42857143,35.0,0:00:00,80317.0,9:55:07,417936.0,win,1.0,1.0,1.0,8.0,0.0,0.0,0.0,0.0,0.0,0.0,Would you rather have  (a) $3 now or (b) $10 in 365 days?,B,,,,,,,,,,,,,,,,,,,,,,,,,,,,,,,,,,,,,,,,,,,,,,,,,,,,,,,,,,,80317.0,9:41:06,832448,win,1.0,0.0,0.0,0.0,0.0,0.0,0.0,0.0,0.0,0.0,424.384,423.76,426.88
72617.0,15:49:32,70087,0:00:00,win,1.0,30.0,10.0,10.0,10.0,511.0,128.0,197.0,186.0,17.03333333,12.8,19.7,18.6,2.0,1.0,0.0,1.0,28.0,9.0,10.0,9.0,500.0,125.0,197.0,178.0,17.85714286,13.88888889,19.7,19.77777778,1,72617.0,16:27:21,1069578.0,win,1.0,4.0,1.0,0.0,1.0,0.0,1.0,0.0,1.0,0.0,Would you rather have  (a) $4.5 for sure or (b) $10 with a 50% chance?,A,,,,,,,,,,,,,,,,,,,,,,,,,,,,,,,,,,,,,,,,,,,,,,,,,,,,,,,,,,,72617.0,16:13:05,0:00:00,win,1.0,0.012,0.0,0.024,0.024,0.0,0.0,0.12,0.0,0.0,330.824,331.86,326.68
72517.0,10:42:44,70088,0:00:00,win,1.0,30.0,10.0,10.0,10.0,1281.0,432.0,412.0,437.0,42.7,43.2,41.2,43.7,13.0,4.0,4.0,5.0,17.0,6.0,6.0,5.0,803.0,286.0,263.0,254.0,47.23529412,47.66666667,43.83333333,50.8,1,72517.0,11:14:40,351856.0,win,1.0,1.0,0.0,0.0,0.0,0.0,0.0,0.0,1.0,4.5,Would you rather have  (a) $4 for sure or (b) $10 with a 50% chance?,B,,,,,,,,,,,,,,,,,,,,,,,,,,,,,,,,,,,,,,,,,,,,,,,,,,,,,,,,,,,72517.0,11:00:36,0:00:00,win,1.0,0.016,0.0,0.032,0.016,0.016,0.0,0.08,0.0,0.02,341.8,343.0,337.0
72417.0,15:46:48,70089,0:00:00,win,1.0,30.0,10.0,10.0,10.0,511.0,124.0,169.0,218.0,17.03333333,12.4,16.9,21.8,3.0,1.0,1.0,1.0,27.0,9.0,9.0,9.0,479.0,119.0,165.0,195.0,17.74074074,13.22222222,18.33333333,21.66666667,1,72417.0,16:08:07,442638.0,win,1.0,1.0,0.0,0.0,0.0,0.0,0.0,0.0,1.0,3.5,Would you rather have  (a) $4 now or (b) $10 in 365 days?,A,,,,,,,,,,,,,,,,,,,,,,,,,,,,,,,,,,,,,,,,,,,,,,,,,,,,,,,,,,,72417.0,15:54:25,0:00:00,win,1.0,0.004,0.0,0.008,0.0,0.008,0.0,0.0,0.0,0.01,356.504,351.75,375.52
83017.0,16:45:34,70090,349099,win,1.0,30.0,10.0,10.0,10.0,1116.0,282.0,417.0,417.0,37.2,28.2,41.7,41.7,14.0,4.0,5.0,5.0,16.0,6.0,5.0,5.0,760.0,205.0,245.0,310.0,47.5,34.16666667,49.0,62.0,0:00:00,83017.0,17:05:24,265111.0,win,1.0,3.0,0.0,0.0,1.0,0.5,1.0,1.0,1.0,4.5,Would you rather have  (a) $6.5 now or (b) $10 in 30 days?,A,,,,,,,,,,,,,,,,,,,,,,,,,,,,,,,,,,,,,,,,,,,,,,,,,,,,,,,,,,,83017.0,16:51:57,772648,win,1.0,0.004,0.0,0.008,0.0,0.008,0.0,0.0,0.0,0.01,324.672,322.03,335.24
72517.0,12:45:34,70091,0:00:00,win,1.0,30.0,10.0,10.0,10.0,290.0,81.0,100.0,109.0,9.666666667000001,8.1,10.0,10.9,3.0,0.0,0.0,3.0,27.0,10.0,10.0,7.0,270.0,81.0,100.0,89.0,10.0,8.1,10.0,12.71428571,1,72517.0,13:05:51,401267.0,win,1.0,1.0,0.0,0.0,1.0,6.0,0.0,0.0,0.0,0.0,Would you rather have  (a) $6 now or (b) $10 in 365 days?,A,,,,,,,,,,,,,,,,,,,,,,,,,,,,,,,,,,,,,,,,,,,,,,,,,,,,,,,,,,,72517.0,12:51:53,0:00:00,win,1.0,0.008,0.0,0.016,0.016,0.0,0.0,0.08,0.0,0.0,325.92,325.88,326.08
72517.0,14:48:41,70092,0:00:00,win,1.0,30.0,10.0,10.0,10.0,472.0,102.0,125.0,245.0,15.73333333,10.2,12.5,24.5,6.0,2.0,2.0,2.0,24.0,8.0,8.0,8.0,384.0,74.0,103.0,207.0,16.0,9.25,12.875,25.875,1,72517.0,15:11:54,298793.0,win,1.0,1.0,1.0,7.5,0.0,0.0,0.0,0.0,0.0,0.0,Would you rather have  (a) $4 now or (b) $10 in 365 days?,B,,,,,,,,,,,,,,,,,,,,,,,,,,,,,,,,,,,,,,,,,,,,,,,,,,,,,,,,,,,72517.0,14:54:33,0:00:00,win,1.0,0.016,0.016,0.016,0.008,0.024,0.01,0.0,0.04,0.02,379.26829269999996,377.2727273,387.5
73117.0,12:31:08,70094,386743,win,1.0,30.0,10.0,10.0,10.0,1030.0,219.0,365.0,446.0,34.33333333,21.9,36.5,44.6,5.0,2.0,1.0,2.0,25.0,8.0,9.0,8.0,920.0,201.0,357.0,362.0,36.8,25.125,39.66666667,45.25,0:00:00,73117.0,12:53:02,344814.0,win,1.0,0.0,0.0,0.0,0.0,0.0,0.0,0.0,0.0,0.0,Would you rather have  (a) $7.5 now or (b) $10 in 30 days?,A,,,,,,,,,,,,,,,,,,,,,,,,,,,,,,,,,,,,,,,,,,,,,,,,,,,,,,,,,,,73117.0,12:39:02,794424,win,1.0,0.004,0.0,0.008,0.008,0.0,0.0,0.04,0.0,0.0,441.24800000000005,439.8,447.04
72817.0,12:22:24,70095,0:00:00,win,1.0,30.0,10.0,10.0,10.0,259.0,66.0,97.0,96.0,8.633333333,6.6,9.7,9.6,3.0,0.0,1.0,2.0,27.0,10.0,9.0,8.0,248.0,66.0,93.0,89.0,9.185185185,6.6,10.33333333,11.125,1,72817.0,12:40:38,373970.0,win,1.0,1.0,0.0,0.0,0.0,0.0,1.0,3.0,0.0,0.0,Would you rather have  (a) $5 for sure or (b) $10 with a 50% chance?,B,,,,,,,,,,,,,,,,,,,,,,,,,,,,,,,,,,,,,,,,,,,,,,,,,,,,,,,,,,,72817.0,12:26:56,0:00:00,win,1.0,0.0,0.0,0.0,0.0,0.0,0.0,0.0,0.0,0.0,437.11199999999997,441.58,419.24
80817.0,14:40:06,70097,264315,win,1.0,30.0,10.0,10.0,10.0,201.0,73.0,58.0,70.0,6.7,7.3,5.8,7.0,2.0,1.0,1.0,0.0,28.0,9.0,9.0,10.0,192.0,68.0,54.0,70.0,6.857142857,7.555555556,6.0,7.0,1,80817.0,15:03:44,309063.0,win,1.0,1.0,0.0,0.0,1.0,2.5,0.0,0.0,0.0,0.0,Would you rather have  (a) $8.5 for sure or (b) $10 with a 50% chance?,A,,,,,,,,,,,,,,,,,,,,,,,,,,,,,,,,,,,,,,,,,,,,,,,,,,,,,,,,,,,80817.0,14:49:53,817281,win,1.0,0.02,0.04,0.0,0.024,0.016,0.03,0.0,0.08,0.0,390.84166669999996,390.1546392,393.73913039999996
82517.0,15:34:34,70098,0:00:00,win,1.0,30.0,10.0,10.0,10.0,1083.0,354.0,360.0,369.0,36.1,35.4,36.0,36.9,18.0,4.0,7.0,7.0,12.0,6.0,3.0,3.0,589.0,241.0,162.0,186.0,49.08333333,40.16666667,54.0,62.0,1,82517.0,16:09:00,528789.0,win,1.0,2.0,1.0,8.5,0.0,0.0,1.0,6.0,0.0,0.0,Would you rather have  (a) $7 for sure or (b) $10 with a 50% chance?,A,,,,,,,,,,,,,,,,,,,,,,,,,,,,,,,,,,,,,,,,,,,,,,,,,,,,,,,,,,,82517.0,15:48:56,0:00:00,win,1.0,0.0,0.0,0.0,0.0,0.0,0.0,0.0,0.0,0.0,458.952,460.54,452.6
72817.0,11:31:04,70099,0:00:00,win,1.0,30.0,10.0,10.0,10.0,218.0,48.0,68.0,102.0,7.266666667000001,4.8,6.8,10.2,2.0,1.0,1.0,0.0,28.0,9.0,9.0,10.0,212.0,46.0,64.0,102.0,7.571428571,5.1111111110000005,7.1111111110000005,10.2,1,72817.0,11:49:54,372232.0,win,1.0,2.0,0.0,0.0,1.0,0.5,1.0,0.5,0.0,0.0,Would you rather have  (a) $8 now or (b) $10 in 30 days?,A,,,,,,,,,,,,,,,,,,,,,,,,,,,,,,,,,,,,,,,,,,,,,,,,,,,,,,,,,,,72817.0,11:36:17,0:00:00,win,1.0,0.0,0.0,0.0,0.0,0.0,0.0,0.0,0.0,0.0,392.76800000000003,390.91,400.2
80317.0,10:33:21,70100,352839,win,1.0,30.0,10.0,10.0,10.0,519.0,136.0,159.0,224.0,17.3,13.6,15.9,22.4,5.0,0.0,1.0,4.0,25.0,10.0,9.0,6.0,465.0,136.0,151.0,178.0,18.6,13.6,16.77777778,29.66666667,0:00:00,80317.0,10:55:25,296841.0,win,1.0,2.0,0.0,0.0,0.0,0.0,1.0,1.0,1.0,4.0,Would you rather have  (a) $4 for sure or (b) $10 with a 50% chance?,A,,,,,,,,,,,,,,,,,,,,,,,,,,,,,,,,,,,,,,,,,,,,,,,,,,,,,,,,,,,80317.0,10:40:20,773221,win,1.0,0.004,0.0,0.008,0.008,0.0,0.0,0.04,0.0,0.0,355.064,357.51,345.28
73117.0,16:38:34,70101,451961,win,1.0,30.0,10.0,10.0,10.0,733.0,144.0,225.0,364.0,24.43333333,14.4,22.5,36.4,7.0,2.0,3.0,2.0,23.0,8.0,7.0,8.0,600.0,121.0,200.0,279.0,26.08695652,15.125,28.57142857,34.875,0:00:00,73117.0,17:00:48,455196.0,win,1.0,0.0,0.0,0.0,0.0,0.0,0.0,0.0,0.0,0.0,Would you rather have  (a) $6 now or (b) $10 in 30 days?,A,,,,,,,,,,,,,,,,,,,,,,,,,,,,,,,,,,,,,,,,,,,,,,,,,,,,,,,,,,,73117.0,16:46:39,797088,win,1.0,0.0,0.0,0.0,0.0,0.0,0.0,0.0,0.0,0.0,391.75199999999995,391.33,393.44
80717.0,13:00:17,70102,457620,win,1.0,30.0,10.0,10.0,10.0,804.0,150.0,293.0,361.0,26.8,15.0,29.3,36.1,4.0,1.0,0.0,3.0,26.0,9.0,10.0,7.0,725.0,145.0,293.0,287.0,27.88461538,16.11111111,29.3,41.0,1,80717.0,13:30:34,572545.0,win,1.0,0.0,0.0,0.0,0.0,0.0,0.0,0.0,0.0,0.0,Would you rather have  (a) $6 now or (b) $10 in 365 days?,A,,,,,,,,,,,,,,,,,,,,,,,,,,,,,,,,,,,,,,,,,,,,,,,,,,,,,,,,,,,80717.0,13:09:23,1139193,win,1.0,0.016,0.016,0.016,0.008,0.024,0.01,0.0,0.04,0.02,350.3577236,350.39393939999997,350.2083333
82417.0,16:05:36,70103,0:00:00,win,1.0,30.0,10.0,10.0,10.0,294.0,80.0,102.0,112.0,9.8,8.0,10.2,11.2,0.0,0.0,0.0,0.0,30.0,10.0,10.0,10.0,294.0,80.0,102.0,112.0,9.8,8.0,10.2,11.2,1,82417.0,16:24:46,561001.0,win,1.0,0.0,0.0,0.0,0.0,0.0,0.0,0.0,0.0,0.0,Would you rather have  (a) $4.5 for sure or (b) $10 with a 50% chance?,B,,,,,,,,,,,,,,,,,,,,,,,,,,,,,,,,,,,,,,,,,,,,,,,,,,,,,,,,,,,82417.0,16:10:58,0:00:00,win,1.0,0.016,0.008,0.024,0.0,0.032,0.0,0.0,0.04,0.03,421.75,419.47,431.25
80817.0,18:07:36,70104,455897,win,1.0,30.0,10.0,10.0,10.0,1060.0,329.0,325.0,406.0,35.33333333,32.9,32.5,40.6,9.0,1.0,4.0,4.0,21.0,9.0,6.0,6.0,824.0,310.0,247.0,267.0,39.23809524,34.44444444,41.16666667,44.5,1,80817.0,18:29:04,456476.0,win,1.0,1.0,0.0,0.0,1.0,5.0,0.0,0.0,0.0,0.0,Would you rather have  (a) $1.5 for sure or (b) $10 with a 50% chance?,B,,,,,,,,,,,,,,,,,,,,,,,,,,,,,,,,,,,,,,,,,,,,,,,,,,,,,,,,,,,80817.0,18:15:27,805240,win,1.0,0.0,0.0,0.0,0.0,0.0,0.0,0.0,0.0,0.0,296.976,297.33,295.56
90717.0,10:08:29,70105,162047,win,1.0,30.0,10.0,10.0,10.0,435.0,116.0,151.0,168.0,14.5,11.6,15.1,16.8,5.0,2.0,2.0,1.0,25.0,8.0,8.0,9.0,360.0,84.0,116.0,160.0,14.4,10.5,14.5,17.77777778,1,90717.0,10:24:53,235923.0,win,1.0,0.0,0.0,0.0,0.0,0.0,0.0,0.0,0.0,0.0,Would you rather have  (a) $5 now or (b) $10 in 180 days?,A,,,,,,,,,,,,,,,,,,,,,,,,,,,,,,,,,,,,,,,,,,,,,,,,,,,,,,,,,,,90717.0,10:11:37,767410,win,1.0,0.004,0.0,0.008,0.0,0.008,0.0,0.0,0.0,0.01,332.144,328.36,347.28
82517.0,15:01:20,70106,0:00:00,win,1.0,30.0,10.0,10.0,10.0,964.0,348.0,304.0,312.0,32.13333333,34.8,30.4,31.2,9.0,4.0,2.0,3.0,21.0,6.0,8.0,7.0,750.0,220.0,265.0,265.0,35.71428571,36.66666667,33.125,37.85714286,1,82517.0,15:25:15,391542.0,win,1.0,1.0,0.0,0.0,0.0,0.0,1.0,4.0,0.0,0.0,Would you rather have  (a) $4 now or (b) $10 in 365 days?,A,,,,,,,,,,,,,,,,,,,,,,,,,,,,,,,,,,,,,,,,,,,,,,,,,,,,,,,,,,,82517.0,15:11:18,0:00:00,win,1.0,0.004,0.0,0.008,0.0,0.008,0.0,0.0,0.0,0.01,352.88,352.47,354.52
90817.0,13:43:33,70109,0:00:00,win,1.0,30.0,10.0,10.0,10.0,580.0,144.0,181.0,255.0,19.33333333,14.4,18.1,25.5,5.0,1.0,3.0,1.0,25.0,9.0,7.0,9.0,529.0,134.0,150.0,245.0,21.16,14.88888889,21.42857143,27.22222222,1,90817.0,14:04:45,233258.0,win,1.0,0.0,0.0,0.0,0.0,0.0,0.0,0.0,0.0,0.0,Would you rather have  (a) $0.5 now or (b) $10 in 180 days?,B,,,,,,,,,,,,,,,,,,,,,,,,,,,,,,,,,,,,,,,,,,,,,,,,,,,,,,,,,,,90817.0,13:51:38,756713,win,1.0,0.008,0.0,0.016,0.0,0.016,0.0,0.0,0.0,0.02,297.032,295.54,303.0
90717.0,18:02:29,70111,0:00:00,win,1.0,30.0,10.0,10.0,10.0,446.0,160.0,134.0,152.0,14.86666667,16.0,13.4,15.2,6.0,2.0,2.0,2.0,24.0,8.0,8.0,8.0,409.0,140.0,129.0,140.0,17.04166667,17.5,16.125,17.5,1,90717.0,18:21:58,514348.0,win,1.0,1.0,0.0,0.0,1.0,7.5,0.0,0.0,0.0,0.0,Would you rather have  (a) $5 for sure or (b) $10 with a 50% chance?,A,,,,,,,,,,,,,,,,,,,,,,,,,,,,,,,,,,,,,,,,,,,,,,,,,,,,,,,,,,,90717.0,18:08:21,800368,win,1.0,0.008,0.0,0.016,0.0,0.016,0.0,0.0,0.0,0.02,392.12,391.42,394.92
90617.0,12:55:18,70114,0:00:00,win,1.0,30.0,10.0,10.0,10.0,1883.0,517.0,751.0,615.0,62.76666667,51.7,75.1,61.5,19.0,5.0,8.0,6.0,11.0,5.0,2.0,4.0,740.0,237.0,160.0,343.0,67.27272727,47.4,80.0,85.75,1,90617.0,13:21:19,908532.0,win,1.0,0.0,0.0,0.0,0.0,0.0,0.0,0.0,0.0,0.0,Would you rather have  (a) $6 for sure or (b) $10 with a 50% chance?,A,,,,,,,,,,,,,,,,,,,,,,,,,,,,,,,,,,,,,,,,,,,,,,,,,,,,,,,,,,,90617.0,13:06:55,840077,win,1.0,0.0,0.0,0.0,0.0,0.0,0.0,0.0,0.0,0.0,360.51199999999994,360.78,359.44
90617.0,11:34:01,70117,0:00:00,win,1.0,30.0,10.0,10.0,10.0,373.0,62.0,131.0,180.0,12.43333333,6.2,13.1,18.0,3.0,1.0,1.0,1.0,27.0,9.0,9.0,9.0,352.0,55.0,124.0,173.0,13.03703704,6.1111111110000005,13.77777778,19.22222222,1,90617.0,12:14:08,2413097.0,win,1.0,0.0,0.0,0.0,0.0,0.0,0.0,0.0,0.0,0.0,Would you rather have  (a) $6.5 for sure or (b) $10 with a 50% chance?,A,,,,,,,,,,,,,,,,,,,,,,,,,,,,,,,,,,,,,,,,,,,,,,,,,,,,,,,,,,,90617.0,11:51:51,1041013,win,1.0,0.992,0.992,0.992,1.0,0.9840000000000001,1.0,1.0,0.96,0.99,230.0,,230.0
90717.0,10:29:46,70119,0:00:00,win,1.0,30.0,10.0,10.0,10.0,249.0,30.0,62.0,157.0,8.3,3.0,6.2,15.7,2.0,1.0,1.0,0.0,28.0,9.0,9.0,10.0,244.0,29.0,58.0,157.0,8.714285713999999,3.222222222,6.444444444,15.7,1,90717.0,10:49:16,224559.0,win,1.0,2.0,1.0,8.5,0.0,0.0,0.0,0.0,1.0,6.5,Would you rather have  (a) $3 now or (b) $10 in 30 days?,B,,,,,,,,,,,,,,,,,,,,,,,,,,,,,,,,,,,,,,,,,,,,,,,,,,,,,,,,,,,90717.0,10:35:20,787746,win,1.0,0.0,0.0,0.0,0.0,0.0,0.0,0.0,0.0,0.0,378.968,377.22,385.96
90617.0,9:57:48,70120,0:00:00,win,1.0,30.0,10.0,10.0,10.0,441.0,150.0,147.0,144.0,14.7,15.0,14.7,14.4,4.0,0.0,1.0,3.0,26.0,10.0,9.0,7.0,390.0,150.0,135.0,105.0,15.0,15.0,15.0,15.0,1,90617.0,10:22:11,580361.0,win,1.0,1.0,0.0,0.0,0.0,0.0,0.0,0.0,1.0,1.0,Would you rather have  (a) $9.5 for sure or (b) $10 with a 50% chance?,A,,,,,,,,,,,,,,,,,,,,,,,,,,,,,,,,,,,,,,,,,,,,,,,,,,,,,,,,,,,90617.0,10:08:20,810286,win,1.0,0.004,0.0,0.008,0.008,0.0,0.0,0.04,0.0,0.0,337.23199999999997,337.22,337.28
90517.0,15:54:12,70122,0:00:00,win,1.0,30.0,10.0,10.0,10.0,850.0,128.0,372.0,350.0,28.33333333,12.8,37.2,35.0,6.0,0.0,4.0,2.0,24.0,10.0,6.0,8.0,634.0,128.0,204.0,302.0,26.41666667,12.8,34.0,37.75,1,90517.0,16:12:57,212480.0,win,1.0,1.0,0.0,0.0,1.0,0.5,0.0,0.0,0.0,0.0,Would you rather have  (a) $0.5 now or (b) $10 in 30 days?,B,,,,,,,,,,,,,,,,,,,,,,,,,,,,,,,,,,,,,,,,,,,,,,,,,,,,,,,,,,,90517.0,15:59:36,766490,win,1.0,0.004,0.0,0.008,0.0,0.008,0.0,0.0,0.0,0.01,321.432,318.58,332.84
90817.0,10:52:35,70124,276572,win,1.0,30.0,10.0,10.0,10.0,256.0,52.0,86.0,118.0,8.533333333,5.2,8.6,11.8,2.0,1.0,0.0,1.0,28.0,9.0,10.0,9.0,245.0,50.0,86.0,109.0,8.75,5.555555556,8.6,12.11111111,1,90817.0,11:11:35,423084.0,win,1.0,1.0,0.0,0.0,0.0,0.0,1.0,1.5,0.0,0.0,Would you rather have  (a) $8.5 now or (b) $10 in 30 days?,B,,,,,,,,,,,,,,,,,,,,,,,,,,,,,,,,,,,,,,,,,,,,,,,,,,,,,,,,,,,90817.0,10:57:51,780347,win,1.0,0.0,0.0,0.0,0.0,0.0,0.0,0.0,0.0,0.0,352.976,349.1,368.48
90817.0,14:55:32,70128,246857,win,1.0,30.0,10.0,10.0,10.0,472.0,165.0,156.0,151.0,15.73333333,16.5,15.6,15.1,3.0,0.0,2.0,1.0,27.0,10.0,8.0,9.0,434.0,165.0,128.0,141.0,16.07407407,16.5,16.0,15.66666667,1,90817.0,15:14:44,351198.0,win,1.0,0.0,0.0,0.0,0.0,0.0,0.0,0.0,0.0,0.0,Would you rather have  (a) $2 now or (b) $10 in 365 days?,A,,,,,,,,,,,,,,,,,,,,,,,,,,,,,,,,,,,,,,,,,,,,,,,,,,,,,,,,,,,90817.0,15:01:02,809147,win,1.0,0.004,0.0,0.008,0.008,0.0,0.0,0.04,0.0,0.0,328.10400000000004,326.81,333.28
